{
    "loss": 0.5096185803413391,
    "accuracy": 0.9396551847457886
}